<?xml version="1.0" encoding="UTF-8"?>
<project-private xmlns="http://www.netbeans.org/ns/project-private/1">
    <editor-bookmarks xmlns="http://www.netbeans.org/ns/editor-bookmarks/2" lastBookmarkId="0"/>
    <open-files xmlns="http://www.netbeans.org/ns/projectui-open-files/2">
        <group>
            <file>file:/C:/Users/admin/Downloads/SWP_DEMO1%20(1)/SWP_DEMO/web/events.jsp</file>
            <file>file:/C:/Users/admin/Downloads/SWP_DEMO1%20(1)/SWP_DEMO/web/css/style.css</file>
            <file>file:/C:/Users/admin/Downloads/SWP_DEMO1%20(1)/SWP_DEMO/web/image/event3.jpg</file>
            <file>file:/C:/Users/admin/Downloads/SWP_DEMO1%20(1)/SWP_DEMO/web/image/km1.jpg</file>
            <file>file:/C:/Users/admin/Downloads/SWP_DEMO1%20(1)/SWP_DEMO/web/home.jsp</file>
            <file>file:/C:/Users/admin/Downloads/SWP_DEMO1%20(1)/SWP_DEMO/web/image/event2.jpg</file>
            <file>file:/C:/Users/admin/Downloads/SWP_DEMO1%20(1)/SWP_DEMO/src/java/controller/DiscountDetails.java</file>
            <file>file:/C:/Users/admin/Downloads/SWP_DEMO1%20(1)/SWP_DEMO/web/footer.jsp</file>
            <file>file:/C:/Users/admin/Downloads/SWP_DEMO1%20(1)/SWP_DEMO/src/java/dal/AccountDAO.java</file>
            <file>file:/C:/Users/admin/Downloads/SWP_DEMO1%20(1)/SWP_DEMO/web/contact.jsp</file>
            <file>file:/C:/Users/admin/Downloads/SWP_DEMO1%20(1)/SWP_DEMO/src/java/controller/LoginController.java</file>
            <file>file:/C:/Users/admin/Downloads/SWP_DEMO1%20(1)/SWP_DEMO/web/header.jsp</file>
            <file>file:/C:/Users/admin/Downloads/SWP_DEMO1%20(1)/SWP_DEMO/src/java/dal/DBContext.java</file>
            <file>file:/C:/Users/admin/Downloads/SWP_DEMO1%20(1)/SWP_DEMO/web/image/km2.jpg</file>
            <file>file:/C:/Users/admin/Downloads/SWP_DEMO1%20(1)/SWP_DEMO/web/image/event1.jpg</file>
            <file>file:/C:/Users/admin/Downloads/SWP_DEMO1%20(1)/SWP_DEMO/web/khuyenmai-detail.jsp</file>
        </group>
    </open-files>
</project-private>
